index,length,mean,var,entropy,lumpiness,stability,flat_spots,hurst,std1st_der,crossing_points,binarize_mean,unitroot_kpss,heterogeneity,histogram_mode,linearity,trend_strength,seasonality_strength,spikiness,peak,trough,level_shift_idx,level_shift_size,y_acf1,y_acf5,diff1y_acf1,diff1y_acf5,diff2y_acf1,diff2y_acf5,y_pacf5,diff1y_pacf5,diff2y_pacf5,seas_acf1,seas_pacf1,firstmin_ac,firstzero_ac,holt_alpha,holt_beta,hw_alpha,hw_beta,hw_gamma,month,zone
0,9094,41.73792500549829,2978.15796166097,0.7741486533381915,551676067.4260913,1281.506579136568,6,0.04676982053474278,26.24285569513986,797,0.22355399164284143,12.724653289149623,4012.3924884149496,-10.88,0.0874683726562338,0.7192204180919706,0.3148759809007763,5.27133901501728,6,4,8439,119.60950000000003,0.7359727548555232,1.273755294879325,-0.12430951856668386,0.06294002193006978,-0.4860137512377276,0.2390230369519036,0.5630192309690055,0.1287314058276378,0.5893665732134779,0.3477415202351845,-0.004470198571743785,5,928,0.7831773247766349,0.021734352075435403,,,,Jan,CAPITL
1,8236,62.901324672170986,3792.912457315151,0.8223655076026901,452267093.50195795,1277.2524931222,5,0.13522240721183065,26.89774450374219,843,0.4076007770762506,5.8526380059630805,4842.195336507939,-11.18,0.013656374503575881,0.7797910592999806,0.3145505149274793,1.336739692026101,0,4,2676,86.05500000000006,0.759614412270723,1.550633243960873,-0.20685707300836673,0.0578731861836184,-0.5474383282687176,0.30458119922952204,0.591049686219888,0.08694410356030158,0.6421890508405227,0.2785186000976165,-0.01552468356461931,9,889,0.7091059420643947,0.025665715736867906,,,,Feb,CAPITL
2,9100,36.55386483516514,1895.850091337788,0.7868773975345714,37994296.29567515,836.2280658522225,10,0.08095408840096197,20.074640174543717,710,0.26857142857142857,4.428806103578199,2331.36113002667,-11.44,0.0800743284442514,0.7620921438106545,0.3683277496964199,0.3598971758741112,3,0,398,60.170500000000004,0.7431648073589819,1.408829884235594,-0.17235332536930983,0.0644084256328719,-0.5143113205640422,0.27868349631033335,0.5739659043099243,0.11621844802703035,0.60056142927687,0.36473739979206476,0.06536583639293635,9,1245,0.7357142857142857,0.0001,,,,Mar,CAPITL
3,8827,31.126418941882868,947.3229887507367,0.8700407152473034,17762387.91745955,297.8249346308118,12,0.05681393819331397,17.241504890985144,968,0.31256372493485896,1.5270696020082961,488.12185134414574,-31.00400000000002,0.0004595081718277096,0.6453392045338043,0.34670460320302676,0.3895950383489582,6,2,7873,58.17450000000001,0.5775314038929765,0.7771636729186111,-0.25720539144886134,0.14036959618527686,-0.5024698371319741,0.2965894058999695,0.38420795480130265,0.21536546016843686,0.760390678699973,0.2150762646450323,0.03528321438827796,2,173,0.40573363722232614,0.00011321326946792954,,,,Apr,CAPITL
4,9157,28.294114884787557,380.0426169216033,0.8787275150232822,1776156.2411046103,115.09203647238508,11,0.04194784531148411,11.079597444103781,825,0.4226274980888937,3.445405017495642,483.6004519982397,-44.73000000000002,0.011489042649050213,0.569951018848015,0.31931744201757584,0.04870085784387762,3,0,6485,22.0795,0.447039654964288,0.5514965923156501,-0.41582679967717034,0.17677230241675887,-0.6288306430551299,0.4082633559490743,0.2615599521830096,0.30907953878878713,0.896737290266037,0.21362417127737665,0.040608325653829117,7,383,0.19357151688310711,0.00010085640931426567,,,,May,CAPITL
5,8813,40.208603199818555,1366.3134375020245,0.7278504658987405,13969242.299353922,818.8011235326235,6,0.14540486029470648,13.237741274137091,478,0.2690343810280268,8.963888001638727,4968.870284053572,4.890000000000001,0.009517439784783152,0.8551922278068349,0.2926654576365192,0.09230753987285106,2,4,3554,37.017000000000024,0.8310663922075048,2.39704895699118,-0.24070410773900192,0.06710092564242309,-0.5709246362110825,0.3350679191503721,0.7297044798228496,0.08521651362377179,0.6801587616272806,0.4649826103012703,0.036284952079010224,11,432,0.6881271243377305,9.990573031688691e-05,,,,June,CAPITL
6,7306,35.74821516561726,430.2634048899184,0.8318546184620885,4625915.521175111,177.82383471633455,8,0.06849427707859197,10.344672967551597,508,0.3995346290719956,2.609527106745007,76.67649335120454,-45.66999999999996,0.026594912424202803,0.6657754536652397,0.32754651509964716,0.2850453328062177,2,3,1995,47.97149999999999,0.531602857644389,1.0189670006705382,-0.46897281895635823,0.2259877474807037,-0.6769074471848449,0.5069427466464452,0.40796845002588916,0.3386855514455248,0.9412622597923657,0.3420862816857524,0.02396212645339131,5,381,0.26515579542884926,0.012351864824466183,,,,July,CAPITL
0,9094,23.335312293820156,1773.3437595846779,0.8977156886771711,454468850.2784226,389.73024269570953,9,0.05941664239124577,22.88946520331905,692,0.3369254453485815,1.339308590200607,4335.906003719638,-192.195,0.00021525403811098869,0.6413574628319979,0.33814510415002463,3.444119386726332,0,6,8419,112.84449999999998,0.6935199533330397,0.740146739532957,-0.036009065793346846,0.06598182207794871,-0.4297142257528107,0.19564451759939874,0.5018392762492242,0.1051957382045582,0.4980100748000788,0.1107390902934393,-0.005450380460562482,5,61,0.9242857142857143,0.02254355400696864,,,,Jan,CENTRL
1,8236,31.37403593977656,2512.7096564163794,0.8043790043297655,192830346.11924046,883.9635253396253,6,0.12134583581236684,21.418570132981078,459,0.37773190869354056,10.470844861538499,3751.2067586480653,-128.10400000000004,0.0002137524238068009,0.7844324656283405,0.3039105477096372,1.0264633749900163,6,1,2660,64.84750000000005,0.7336673027022574,1.6323821540840486,-0.31439235125157644,0.10120888464029869,-0.6050816467838953,0.37443604037773304,0.5890457254184354,0.12963568692939925,0.751010198397581,0.2886174255930907,0.018854639247488817,9,955,0.5942857142857142,0.018008658008658005,,,,Feb,CENTRL
2,9100,15.944771428571388,896.421659563147,0.8083898788103451,11251235.4626084,382.48973779141676,22,0.10851759351549778,13.095652870640375,582,0.3769230769230769,1.9747023057815707,2501.92914505885,-26.17,0.01631246380721663,0.7719581608235858,0.3369502331246036,0.0688923325655181,1,3,1976,34.390499999999996,0.737720861286614,1.470187415226234,-0.27052061399776844,0.0946249146482431,-0.5920962467852767,0.36947371202179363,0.579202611289297,0.12777984730695752,0.6657405347369453,0.3184699697328621,0.07327862203334638,8,488,0.6650176745053767,9.999738170814262e-05,,,,Mar,CENTRL
3,8827,10.822508213436029,990.1587769421271,0.9339082431903397,166959499.9891935,197.52057314840087,10,0.045057843598312254,20.71967747243522,919,0.46697632264642575,2.255671438146512,2947.063599856236,-149.6170000000002,0.00019341301553352135,0.5160994383863386,0.32050062125112144,1.5276517009301511,0,4,8433,74.067,0.40332649222412825,0.38247504312675407,-0.2733366674477778,0.339007759949894,-0.4536465707737359,0.41074590611757694,0.2979479987664499,0.36435383169200963,0.9456709138432824,0.057546505785746827,-0.09723010569851294,2,417,0.24053306287907947,0.011466554382373774,,,,Apr,CENTRL
4,9157,17.818080157256723,133.0389436987182,0.6951057890378364,24727.622233136313,86.64316448300399,9,0.1300160995481571,4.375111894042114,723,0.5808670962105493,1.7146328750133404,891.5990233263166,-11.207999999999998,0.03904356152134489,0.8339286410852735,0.3432113035112915,0.0007734733718747777,1,6,7324,10.2455,0.7696247315115428,2.3885779338618867,-0.3754546876841645,0.14689122118718298,-0.6260714547983838,0.41473376725743494,0.7367572396617486,0.24298689925963773,0.8331274681511891,0.6128290064409962,0.06984143454135708,72,364,0.36210286857933854,0.0,,,,May,CENTRL
5,8813,29.61509588108486,859.5046753482327,0.7675913850060802,43623180.1876153,443.5559546254195,6,0.05283801964213818,13.96544715361663,519,0.3568591852944514,8.408647590140411,7.678176157277962,-109.86799999999994,0.04083462074241971,0.7159246196863074,0.34442881235187306,1.9566321554781412,2,4,3554,85.6515,0.5708473018488636,1.4082297288221153,-0.4712300834225334,0.22221242623588597,-0.6574467095405006,0.4563059144620069,0.516724004035179,0.38825568842180336,0.9854495771493432,0.476292025647568,0.07857421591973669,98,410,0.17009035015557927,0.010030994534618308,,,,June,CENTRL
6,7306,29.40969614015887,395.2402264611878,0.8233397405604312,3956501.841452831,167.14744006672126,8,0.06026969795213163,9.983393039077686,494,0.46208595674787845,0.9372542726340872,53.30123434254476,3.8509999999999422,0.004662561309359927,0.6692651266184022,0.3152810009413899,0.23170833219313136,0,2,1995,44.880999999999986,0.5419367147479696,1.0566027140751895,-0.44943265895826157,0.20747130375369566,-0.6603600890530049,0.4785569433446185,0.4155175878764634,0.32652852417513,0.944894140392716,0.32911804605199196,0.002587878410119842,11,117,0.2582343204263725,0.012866178017721167,,,,July,CENTRL
0,9094,37.13706289861429,2510.704002490653,0.8261798668634116,609906973.1178135,874.213677399914,9,0.04889256062850493,25.464413882314105,654,0.2261930943479217,9.293183616513561,4249.3305230160495,-11.05,0.05414575068773138,0.6847250935706353,0.31969164433905983,5.336901802966941,1,4,8419,121.93800000000005,0.7195491572265951,1.0153577111471759,-0.07916069960925229,0.06401340371400083,-0.45843264398077505,0.21578478046981106,0.5348916364591765,0.11757107355785609,0.5473919478636337,0.25291038369957086,-0.010512153309352762,5,832,0.8641972425220542,0.021286067249790926,,,,Jan,DUNWOD
1,8236,52.312328800388435,1310.9494640764467,0.764416329734149,9948455.383313986,626.5792508408018,10,0.08128218989397551,16.064535805449363,699,0.45143273433705683,15.845666474973354,2132.001600804499,-11.3,0.015036100872533232,0.7669788731899894,0.33878595528666744,0.13812213478057064,0,4,1983,31.047499999999985,0.7379987708576812,1.5525349885102717,-0.2491533032815626,0.07573071377476745,-0.5743203625932017,0.33655139001111384,0.5769442191976404,0.13192559986005192,0.6637561131483479,0.3971846589599819,0.06357978013963375,16,1422,0.6912702537674682,0.02556993654070384,,,,Feb,DUNWOD
2,9100,29.19425054945048,1207.0639796031671,0.8113790389472207,17242940.947898068,485.76957608787586,12,0.08995786901791246,16.060578004587065,618,0.28824175824175824,1.6449766397403884,2333.3235341601967,-11.37,0.055337798003118145,0.7513562613032181,0.352970003090167,0.12392570266697225,3,0,4514,37.18399999999994,0.7251951584843227,1.3092206488829572,-0.22234984793255386,0.07547266759170644,-0.5547026564160176,0.32437597448938166,0.5468488946629427,0.11870309556522478,0.6327463403169078,0.30632556328830096,0.06069823984579287,8,958,0.6885714285714285,9.999999999999999e-05,,,,Mar,DUNWOD
3,8827,25.389885578339225,412.3596068861914,0.8663734548558972,3181417.493226289,129.61542003983095,10,0.047348127600100424,11.328175979822616,698,0.2914920131414977,1.4502809136351889,370.8811668286122,-12.72,0.0037225942928573027,0.639228658215216,0.36601483253679334,0.08267521832488545,0,2,7873,40.36550000000002,0.5752327701187856,0.7253665897964537,-0.2673259096545264,0.10788112051720128,-0.5327063710897667,0.2991825644572435,0.3613270060988398,0.2012418806853075,0.7317482660470649,0.23448213564546946,0.06417500720867089,11,344,0.399775066427144,0.00010540394171900638,,,,Apr,DUNWOD
4,9157,28.068569400458745,328.06323831594955,0.7607193482605312,688139.9948619311,175.7101223171907,12,0.13090043855181185,7.516233846814678,519,0.33242328273452004,3.5375677318481507,4073.081343998239,-11.33,0.030768954037535615,0.7973718413505599,0.3407679987404211,0.00679144070730279,3,6,7602,15.47750000000002,0.7046990108847482,1.9799361413212155,-0.41680395097621586,0.1777536297138011,-0.632205607899131,0.4135910644374387,0.6493341391225717,0.2760157224563362,0.894697495571353,0.5241839937762952,0.05742989408137357,9,402,0.35856772282633176,9.999743574240632e-05,,,,May,DUNWOD
5,8813,38.83822307954162,1190.1281579227807,0.6488196105726334,7166320.151152615,835.3030466801287,7,0.1901622005485216,10.64946359026217,309,0.2952456598207194,11.928101764735278,2969.321310552853,-4.44,0.033298440928990536,0.8962323696815012,0.3348782741616111,0.06595868420892238,2,4,2219,41.23300000000003,0.8575458201999022,3.035671958989565,-0.33096983227367466,0.11800778615858239,-0.6021044149122043,0.3731597613127598,0.8415743177102161,0.16114532790134978,0.7801178668790866,0.6617615010288073,0.02267924528580365,8,419,0.5471820950178776,0.00012443556329610927,,,,June,DUNWOD
6,7306,42.001947714207596,2109.8253150539426,0.7097133552826425,23976349.72638086,1530.048450994672,8,0.29972110462836166,14.152502674533512,295,0.31001916233232957,1.658773398675322,5133.89957279025,-40.01,1.0971393277049066e-06,0.9046206934293325,0.3220640820137275,0.21462565458365207,2,3,1970,62.68999999999994,0.893079583500192,3.2096283477055274,-0.11207457866083646,0.10074216481611717,-0.4652217811199571,0.2289470746120917,0.8906119696012933,0.13097479618439026,0.6969440325650185,0.6725410676726481,-0.11918917938479184,120,96,0.782769705772333,0.00021757361778420838,,,,July,DUNWOD
0,9094,22.227369694303803,1653.8140984916538,0.8960082635509656,382642565.49957806,368.42058849528235,5,0.06104634831326059,22.009074281151364,709,0.34209368814603036,1.2477567503672464,4327.2522690747965,-209.714,4.335618625277245e-05,0.6453664101888714,0.3389539073315181,2.8800505458026304,0,6,8419,108.05600000000004,0.6947453578826394,0.7527845310147427,-0.040489335056356,0.06439068439754544,-0.43338626720650125,0.19805581440542042,0.5019189458398321,0.10370410409388602,0.500653727624964,0.11466476450646508,-0.0038283590568969844,5,57,0.9147392974523112,0.019666540282994693,,,,Jan,GENESE
1,8236,29.723205439533654,2623.2755039067915,0.8107341449213266,237567310.9677621,890.276206578544,6,0.12462078844858365,21.838641199894305,502,0.3795531811559009,9.517498011534654,3906.3982996554496,-167.83400000000006,0.0004048836336790388,0.7858911865969499,0.30232032933589204,1.13883424479579,6,1,2660,68.67499999999998,0.7353498133030185,1.6300514323791309,-0.3129353737023708,0.10057169488235859,-0.6046412209185776,0.3736041518546087,0.5917239703001924,0.1266337969019056,0.7502221136267349,0.27584906317620916,0.01809524170073918,9,954,0.5942857142857142,0.018008658008658005,,,,Feb,GENESE
2,9100,15.08029010989021,861.0979743553834,0.8083944875836762,10378196.176740214,368.06649826483607,11,0.10907341863017574,12.809898191066099,593,0.39483516483516484,2.0989339956913224,2511.7790287266894,-30.62,0.014771011243976215,0.7724952904787907,0.3358527556613763,0.06332883041066088,1,3,1976,34.1215,0.7386102608835736,1.4750790491336523,-0.2709019952334213,0.09460096508986167,-0.5930847643061011,0.37054117186569496,0.5806505269508144,0.12736367335075846,0.6655545491922398,0.318184183745393,0.0732967378519503,8,488,0.6637674842238054,0.00011808446483972983,,,,Mar,GENESE
3,8827,9.919806276198017,1073.7386563462976,0.9362607858784361,213681003.010621,209.12083911707828,11,0.045157208578152336,21.63992637290959,905,0.4855556814319701,2.1337663681199586,2941.1410927057436,-23.04399999999987,0.0003346679069593149,0.5150287753382174,0.31759994206689623,1.9545521700025994,0,4,8432,78.63000000000017,0.39793093839469235,0.3845304679083477,-0.2756059317589763,0.35262818099568605,-0.45237311689879894,0.419871832035024,0.301862939508726,0.37334169200564665,0.9627966395715573,0.048098593097040475,-0.11258515085707815,2,362,0.26445041397538627,0.012076983253017442,,,,Apr,GENESE
4,9157,16.712690837610584,134.06108573744197,0.7125519921122191,34509.00866671443,84.78023944902394,12,0.1229332808741771,4.530179794798668,710,0.5711477558152234,1.9532639046777756,847.1764714988299,13.056000000000012,0.04167222519719377,0.8251461691916337,0.34793976780480385,0.000833963606438058,1,6,7324,10.274000000000001,0.7658722744595879,2.2634929798972663,-0.34615238823723343,0.12861051145344804,-0.6107541711082899,0.39122479397166426,0.7078967343209207,0.22225452870849077,0.7972037567082717,0.5911374747063283,0.07606215734270609,62,369,0.40572593576037763,0.00010000091108959937,,,,May,GENESE
5,8813,28.85688982185409,851.8761892488328,0.783665393295935,50922794.349632174,419.4924361651734,5,0.047735369031081026,14.361407856553008,531,0.3613979348689436,7.739476134150434,4.235343041298465,-124.6719999999998,0.03896105462037172,0.6936557814081716,0.34560489343541934,2.286208751252135,2,4,3554,89.05299999999997,0.538270064919203,1.261209316424168,-0.47562061999291655,0.22635009731848127,-0.6586716357239997,0.45839509116736604,0.4770779223301554,0.40279342553185177,0.9953158483972582,0.4536713988455729,0.08190445540663893,98,407,0.1700028959629359,0.00010000135459046228,,,,June,GENESE
6,7306,28.85897070900628,354.25611681627936,0.8260365334842974,3456288.341208587,148.14850263627758,8,0.060248270807313466,9.49493750645533,474,0.46400218998083764,0.8017902521337912,48.02256840014829,0.3219999999999459,0.008751638333855793,0.6622620418671155,0.3133671321856103,0.207390513843893,0,2,1995,43.682,0.5298515446720137,1.028542234092375,-0.45865607143054277,0.21572120513514625,-0.6658434364669026,0.4885682712927799,0.4075406214585492,0.3392487179524215,0.9582252594297263,0.32574518101477046,-0.0029498068940614765,11,111,0.28785863578448345,0.012695837374558872,,,,July,GENESE
0,9094,19.477168462722688,1758.7503514391817,0.8980913643546738,429285560.64480114,382.8194728367461,63,0.05829533891223081,22.881343219555053,763,0.4413899274246756,0.5037979003236168,4320.400034859654,6.519999999999982,0.0020341037079466442,0.64044143468387,0.34030487259060327,3.2108735890793274,4,6,8419,111.06549999999999,0.6883260685503974,0.7293414969663536,-0.044904349958853125,0.06424571403080026,-0.43394035074825704,0.19897751041369466,0.49272261311406385,0.10403900754646149,0.5035346714088702,0.10650061975921127,0.002074840412330471,5,55,0.9242857142857143,0.02254355400696864,,,,Jan,H Q
1,8236,23.57705682370085,3138.848564309958,0.815366311276237,369152736.5473811,1049.3190430639995,184,0.12886704385365022,23.830783058540124,590,0.38987372510927637,8.68937978635482,3869.187518895997,-24.364000000000033,0.0005433226261779259,0.7868100835773523,0.2995345562314301,1.9247049765192374,6,0,2660,76.26350000000002,0.7345049589974036,1.6407935511516962,-0.31843397383000904,0.10382421291406335,-0.6071897871745017,0.37723559677857815,0.5938350253565484,0.12997419722921938,0.7597901423164272,0.2732201821283014,0.01144679654276143,9,955,0.599425698975922,0.017934918482231707,,,,Feb,H Q
2,9100,12.14242637362638,883.1456510797476,0.8126705992132582,10359457.84659368,373.663079477782,58,0.09974525837011908,13.23445689983211,665,0.4238461538461539,3.2379198301230008,2502.7138840303824,-8.829999999999984,0.008237131942291125,0.7610373773715291,0.3378712538420332,0.06961890003582998,0,3,4494,33.67600000000003,0.7261701667553028,1.4009424737096345,-0.2756771275841321,0.0911198616465366,-0.598550990048434,0.37046546069661734,0.5573718419093475,0.13187278960115437,0.6704669876147187,0.3165263146691334,0.05864769081774597,8,495,0.6414285714285713,0.0001,,,,Mar,H Q
3,8827,7.213730599297623,1370.653459641029,0.9378419551125002,375334743.58689624,263.4739032873742,12,0.04579722521641482,24.457355198002645,1004,0.502322419848193,1.9254690383403952,2963.363486250307,-125.17599999999993,0.00047327273230372873,0.5170976019467329,0.31377343018441517,3.4084977562412555,1,4,8433,90.75950000000005,0.3984659336166947,0.3950434497854721,-0.2744974852502755,0.36602886963152825,-0.4489737850478775,0.43004793998125684,0.3107130267410201,0.379798635676718,0.9764907743026231,0.0402057177175385,-0.13033243616751794,2,359,0.2642857142857143,0.012012987012987014,,,,Apr,H Q
4,9157,12.915343453095948,289.9494063170098,0.8087916673226015,496115.2364311606,135.5569672855514,24,0.11946872303828159,7.607491588865982,825,0.5728950529649448,0.9904091105291779,3049.458379821131,-10.370000000000005,0.01979393548046433,0.767367710186815,0.3460608404582737,0.003483796356711321,0,6,6901,13.594999999999999,0.7480270819630357,1.5397087194624275,-0.20782853302708348,0.06436214873328211,-0.5490925304477674,0.30438199797406734,0.5853021573790764,0.12096191993507273,0.6316441833103489,0.3964456371164895,0.056970803786174,7,398,0.6650176668227541,9.999738284630319e-05,,,,May,H Q
5,8813,22.91835016452976,2156.7761452866857,0.8755686342111718,214772836.11833423,642.2686850930472,90,0.06747076190904099,24.18833217701662,677,0.4585271757630773,2.9441081974510266,591.0518039840248,-175.86199999999985,0.019111889894112458,0.6487668254478722,0.37316824368465884,4.243187254465033,2,4,3554,99.20199999999997,0.529000753150711,0.7395723144679303,-0.42400758725318805,0.2009921665230362,-0.6646610509241666,0.5084503691873798,0.34868377846482135,0.24655548602493946,0.8276023499255781,0.25631356223276686,0.17130013063644667,6,691,0.35858231172567595,0.00010938138919762388,,,,June,H Q
6,7306,26.663294552422627,400.8289643033287,0.8463335080740918,3272808.87937593,156.82881649871888,62,0.07824790899040365,10.086886572981523,562,0.5054749520941691,0.8512940821478072,43.30537299579102,2.923999999999978,0.003324268104265098,0.664123970663674,0.3261260538704601,0.20022302453964533,0,2,1995,43.32549999999998,0.5469075430490331,0.9853513432017761,-0.4406768279822534,0.20158397767527786,-0.6665319195127672,0.49236705437010814,0.40240298976970745,0.30549569083766703,0.902112325058495,0.317532525258476,0.01022810042909173,5,98,0.4031088542194867,0.06086621750773149,,,,July,H Q
0,9094,36.5107818341763,2430.362777253261,0.8324035623611034,580008549.6684355,834.841724645138,6,0.05023424873127417,25.111994522617955,676,0.22850230921486694,8.606818122502734,4248.369796367266,-183.85,0.05054836957704521,0.6824113079225327,0.3187825915622716,5.082668446262319,1,4,8419,120.47299999999996,0.719026104208067,1.0030126667610773,-0.07659241596138999,0.06415009393308617,-0.4574851541691066,0.21489894272409218,0.5342070618212879,0.11707842815052055,0.5452335934258247,0.24756824706223196,-0.012336387298244714,5,832,0.8771428571428571,0.02192857142857143,,,,Jan,HUD VL
1,8236,51.62287153958207,1287.3912628203125,0.7695485375044249,9832592.512784002,602.2385112944031,10,0.08198140927422112,15.999160669553314,716,0.4500971345313259,15.12730003657399,2123.7913691490508,-11.18,0.016403953012885795,0.7640263002619063,0.3358569993273641,0.1336900340202552,0,4,1983,31.10950000000001,0.7362639395755775,1.5258544596539707,-0.2466095126858917,0.07427714905044668,-0.572694259008788,0.33406209642583357,0.572015188072314,0.1287836594663393,0.6611632193245479,0.38540977017886446,0.0622243147577096,8,1355,0.6816858070830377,0.019282162770539485,,,,Feb,HUD VL
2,9100,28.764261538461497,1195.0984417953293,0.8100432673381551,16862960.902435225,482.75468085730876,11,0.0897949894096446,15.964995123070661,577,0.28296703296703296,1.670924255092474,2337.5482723251002,-11.3,0.05814944656715286,0.7521046173812176,0.35325824723992616,0.12132747301446471,3,0,4514,36.81100000000001,0.7262160332817361,1.3148482305493323,-0.22098979510701233,0.07497711837315595,-0.5538270303428052,0.32327493298328047,0.5481952335056898,0.11825700343875267,0.6316298439189924,0.30820187928154796,0.06083060515826297,8,960,0.6885714285714285,9.999999999999999e-05,,,,Mar,HUD VL
3,8827,24.957069219440424,379.2587506378973,0.8631816456377442,3012575.0772906574,122.10404342499733,12,0.05084427083505059,10.71521585327419,696,0.29636343038404894,1.4043536864527386,345.81818448829677,-10.95,0.004899237124470515,0.6485367791028218,0.3657430646451363,0.07955705115636232,0,2,7873,40.34450000000001,0.5831164311343839,0.7654819049198104,-0.2737770588146463,0.10705120557468645,-0.5401514639203691,0.30516746242941,0.3708815332907048,0.19807513671659877,0.7333006357057459,0.24216150251206128,0.06465433787749908,11,344,0.4107521476190539,9.153951340705085e-05,,,,Apr,HUD VL
4,9157,27.27717156273915,206.1057427480027,0.722100121119241,131903.2829546996,119.57485341975547,13,0.10870512650831063,5.930156775099288,542,0.3557933821120454,4.950398659434258,2831.3384869882166,18.547,0.039731224895994656,0.8019058437654107,0.34633677719774425,0.002487349126113671,3,6,6472,12.769999999999996,0.7071815526367078,2.046340420707935,-0.4172337738866452,0.18081114463906264,-0.6268703576010501,0.4063162605047736,0.6670849911903061,0.2926532341795165,0.9029529982207775,0.5539679343862677,0.06950761259778504,9,404,0.31152362080611146,0.00010001503536202122,,,,May,HUD VL
5,8813,36.21434698740502,704.1584072809375,0.6433992503478587,1117790.0996454938,500.7209057159629,8,0.16658172482572708,8.425839395072757,376,0.33019403154430954,12.874047600983495,3528.8824041971343,-46.089999999999975,0.04387561961604315,0.8896828777504566,0.3092691254086267,0.01818580653144025,2,4,8751,28.793000000000006,0.8625536344866622,2.9730019211994714,-0.26630397812577306,0.08362282589259164,-0.567291369059279,0.32826704289746844,0.8183175884314378,0.1230903266685573,0.7265918713444138,0.6371391532755964,0.016227552955000585,22,423,0.6178747504942705,9.999824205351608e-05,,,,June,HUD VL
6,7306,36.06162058581985,864.485990174144,0.8374119009715737,25433546.16882182,404.47592704755283,8,0.12679150555903976,14.082687960996804,410,0.37914043252121543,0.6606360194867259,3134.247239832659,-42.93599999999992,0.00782782212628675,0.7393409346345448,0.32388351616029665,0.3948196769581482,2,3,1995,48.25349999999999,0.7188611091347672,1.4403845900675716,-0.18394370367872132,0.12070482398005644,-0.5249747299320646,0.2986000188605578,0.6015535857294575,0.19392708782354406,0.7727470956228334,0.32136075839850026,-0.14439834804907975,3,101,0.6178761355300638,9.999810373463746e-05,,,,July,HUD VL
0,9094,54.64174290741156,3935.31937880745,0.7759163564248425,683695768.3555062,1830.8972876141447,9,0.058274394341962125,29.19232467319667,625,0.2777655597096987,9.284176173852162,3047.917037289441,-4.58,0.07621083993670291,0.7422570545205507,0.31922883243178035,7.55145043389889,1,5,8439,136.079,0.7473095596542816,1.415385556038037,-0.14303574261459168,0.05934713151317696,-0.4946473379853172,0.24738668159803281,0.5803606530710854,0.11611972571733434,0.5832306359360158,0.37893925300263537,0.06090120372151301,7,1034,0.726479620098547,0.01878623137012902,,,,Jan,LONGIL
1,8236,73.74126760563435,3349.1482206612654,0.7266135612391948,17986731.682329357,1911.7205679347394,8,0.08663001359477572,24.339543779626894,677,0.39436619718309857,7.715816696593265,1950.0347437168307,-11.57,0.07265122896646427,0.7964921302468735,0.34642040524158924,0.34811081002119537,0,4,1686,32.65299999999999,0.7387466574849215,1.8944107216567199,-0.32309764464407387,0.11168081761110892,-0.5989963926783597,0.3687169537421003,0.6273180246457185,0.1913303078530539,0.7630926898571845,0.49972490526900754,0.06014678027983401,11,691,0.46904970855531763,0.013555018250899598,,,,Feb,LONGIL
2,9100,34.66876373626385,1768.7383416035311,0.8164662863518164,21653399.63444506,787.5070083166033,9,0.09747988818688912,19.50014248497582,553,0.2915384615384615,2.449774368036621,1816.3255858896844,-11.42,0.025501369960625776,0.7458744573627168,0.33780736447152737,0.22375166905248778,3,0,8642,42.49199999999996,0.6964495283732849,1.3526732818157656,-0.29172257215715913,0.1019156920824927,-0.5783044540265563,0.34599916706605194,0.525378854130344,0.15443122382027424,0.708483857427789,0.34071628485617983,0.08286204503743072,8,679,0.5707142857142856,0.0001,,,,Mar,LONGIL
3,8827,31.566336241078535,1002.2883390635651,0.8434125999791312,6673039.802275186,411.3337566833816,9,0.0767968821971846,15.969266139602498,678,0.2615837770476946,1.092962433050888,487.0370565713371,-17.07,0.0044346839195486204,0.7000771879235971,0.36108996464583654,0.1852276667624882,0,1,7873,40.427000000000014,0.5997599636059227,1.0909512900681142,-0.3631472859950237,0.14093092240081104,-0.6011381762830704,0.36860272978445047,0.43249615247184686,0.2425572699042726,0.8242647183249445,0.33692181392672715,0.0624299346028296,8,87,0.3923145918331069,0.031246813762847728,,,,Apr,LONGIL
4,9157,31.943990389865586,926.2753490434787,0.7984339832024049,16416004.963346219,426.21640265656265,13,0.10566780484373417,13.174309284093574,474,0.2988970186742383,2.274527667187814,4266.546439012122,-11.45,0.008266269935691033,0.7880705008174651,0.37147062155321153,0.061144098849566945,3,6,4955,36.922000000000025,0.7465821222251112,1.6337696724161501,-0.26054943928834223,0.10729396846707848,-0.5682420623183425,0.3669002530640442,0.6094369363659633,0.15310191686045638,0.679236549949753,0.41633571064160857,0.07021571678201952,13,396,0.617874547933742,9.999826227865234e-05,,,,May,LONGIL
5,8813,45.923761488709694,2176.679129513969,0.7046642285879676,20706310.692908254,1365.2392417571446,7,0.14909927001498594,17.5005736551251,298,0.26063769431521616,6.723924600254963,2221.5909037794318,-6.08,0.03550490392392516,0.8431942194847386,0.32818688707843857,0.33359950226590535,2,4,6667,53.702499999999986,0.7927637411662312,2.4005107372165315,-0.3209839107245131,0.11946425355629607,-0.5803792967636863,0.3492458623222017,0.7289035619580403,0.17978624028806187,0.7810422066563133,0.5632450173841611,0.05330567599509334,22,101,0.4999988343181059,0.0001358229081091948,,,,June,LONGIL
6,7306,56.46309471667121,8444.769990381586,0.7657099393125076,2928545344.145975,4632.1127771743295,8,0.16988372547636024,37.21788906839144,362,0.1996988776348207,2.2292385051341785,3705.208025587751,-186.99,0.00044451400964213845,0.8570410313006608,0.4432239037171064,8.035674187625581,2,5,2008,123.45249999999993,0.7895609661474225,2.272044936754771,-0.2205511073015245,0.20187085897985016,-0.4621350674192467,0.38553929777991197,0.7642940523740833,0.23487180455666126,0.7459525976709785,0.5740172773091317,0.03349775292322087,2,101,0.5000162730644999,9.999999989397795e-05,,,,July,LONGIL
0,9094,24.380272707279563,1970.9333261627146,0.895593300548986,551709396.8948687,446.1359739875193,6,0.06272592994268654,23.994062206373595,675,0.326149109302837,1.6323567477799243,4331.547276746888,-178.32499999999993,0.0009426335709787745,0.6497056811819626,0.35134932025061427,4.0232089240140585,0,6,8419,118.4735,0.6967697488382149,0.7600088333861758,-0.03670243168391264,0.06859291488657543,-0.4312554577462967,0.19880968208069,0.506184256906731,0.1113196238601081,0.5005437408826467,0.13612060244715918,-0.007020540312485411,5,119,0.9062529822548794,0.021672489437466642,,,,Jan,MHK VL
1,8236,32.695608305002416,2612.825810205478,0.8026693243380615,193956009.54729632,930.9957215382472,5,0.11760939881125886,22.023225366241306,472,0.37773190869354056,11.031577087223248,3469.7262320421983,-118.606,7.672471440264852e-05,0.7803052295560153,0.3048632191365874,1.2103733096343137,6,1,2663,65.35700000000003,0.7264591551018544,1.61172392081193,-0.3212829699386632,0.10529582087678732,-0.6068457527852109,0.3769399409535419,0.5812450203427735,0.1371178324993547,0.7611681458973053,0.2926832671035256,0.01801951023522992,9,955,0.5942857142857142,0.018008658008658005,,,,Feb,MHK VL
2,9100,16.35058241758247,1009.3693850454039,0.8003584269785284,12609567.715917261,453.37693075432185,10,0.1147148811062142,13.616093248165658,596,0.36164835164835163,2.5213601166330095,2510.9540143809395,-28.13,0.016161749756949593,0.7827691463529599,0.3382514541210586,0.07839454035094244,1,3,4514,35.821999999999974,0.7486248608465893,1.564985199950906,-0.2692520628679404,0.09365198287650404,-0.5910150947245778,0.36757648889110334,0.596649017323213,0.12650782234738164,0.66512127222183,0.34407582121565733,0.07521730993785065,8,488,0.6649683312223481,9.998995944916303e-05,,,,Mar,MHK VL
3,8827,10.528949813073485,1035.2953910235374,0.9351721975283017,187289171.77064076,204.71230362869306,9,0.04502027480068108,21.242380831314893,927,0.4726407613005551,2.0939691928052,2944.3120053882712,-152.21800000000007,0.00021552870433257212,0.5139539152587123,0.3205147958241058,1.7136079167163167,0,4,8432,76.14500000000004,0.40157856355231714,0.37852475334099267,-0.27164423497495116,0.343299516001796,-0.45148425768031647,0.4143335218287344,0.29806206479455055,0.36648988385388304,0.9470849918804047,0.05611598829977462,-0.10041829256461662,2,362,0.2410015799628868,0.011563112208831912,,,,Apr,MHK VL
4,9157,18.189522769465906,229.02613858408796,0.7179301417587594,53614.03006808571,144.37010815011337,7,0.14710898621940294,5.625961119846443,776,0.5500709839467074,2.0406045124802294,3062.619749244637,-10.183999999999997,0.07538587071110686,0.8402936830113287,0.33768332962541714,0.0009422102878050561,1,6,7304,10.832500000000003,0.7985769520193912,2.3585426412176136,-0.3138811794929926,0.10611953635910396,-0.6086397135844439,0.38856807041050045,0.721777721405632,0.16495697446596919,0.7384849173937271,0.573881646433822,0.06463614277197287,33,680,0.5235943448412129,0.00011606632801072734,,,,May,MHK VL
5,8813,29.804948371723583,906.0039006809868,0.7732691308786461,46555776.22774289,461.07592089257497,4,0.05909048357528686,14.332014996639705,551,0.36593668444343586,7.269152276589877,6.728164234884163,-108.90200000000004,0.046413974403311936,0.7172827859997759,0.3451943757907845,2.0891861722773157,2,4,3554,87.07200000000002,0.5738705207821501,1.4057807454828042,-0.46793901462513265,0.21917775162116956,-0.6560697269936537,0.4539210888657558,0.514906672074741,0.3804141731532836,0.9804721565881763,0.4700757982838975,0.07378273042276558,67,425,0.21715065356713467,0.0001000364837858761,,,,June,MHK VL
6,7306,29.634739939775333,437.6712930681489,0.8284203713752193,4394538.166310729,188.40751433777302,8,0.07398954238885522,10.495734339276053,505,0.47782644401861485,0.7950676983627449,133.22338447434132,-18.220000000000027,0.002337046700868889,0.6768787410456556,0.31051081854896956,0.24830575799281315,0,2,1995,46.70599999999997,0.5734988135193205,1.1068445571756147,-0.40978815429367166,0.1742274821023334,-0.6405367359691141,0.44439817011645383,0.4335103648652401,0.2993577734770312,0.9128827204859763,0.32764415492196314,-0.03208563259140168,11,117,0.3113351999146096,0.014036244604582502,,,,July,MHK VL
0,9094,37.20175940180358,2501.238498399995,0.8247757418670881,602316813.9495069,877.5522938267336,8,0.04899241961272891,25.36019256190083,668,0.22861227182757862,9.352317376573017,4249.936366328276,-11.02,0.05510949290314382,0.6862539233283824,0.3192651883676204,5.284828172012572,1,4,8419,121.55599999999993,0.7216314134614329,1.0252742190377395,-0.07637231148084674,0.06445971441377954,-0.45641607083708885,0.21425619800659668,0.5385105970071122,0.11766463475325734,0.5458452216648569,0.2558666092599277,-0.011701131206538658,5,832,0.8771428571428571,0.02192857142857143,,,,Jan,MILLWD
1,8236,52.42207867897018,1320.004689778176,0.7676227931674363,10031585.335812537,625.305825741791,7,0.08228565058186368,16.169559144235635,703,0.45143273433705683,15.333736167651786,2097.354769578913,-11.27,0.015855090301122015,0.765490392722451,0.33893740394999194,0.14146841831149193,0,4,1983,31.65599999999999,0.7365362751612552,1.5380398725938471,-0.2487234756162592,0.07553484405138731,-0.5739677001046546,0.3359859734363551,0.5741548509724786,0.13166851366233626,0.6634355165249395,0.39307276397848595,0.06268433531261002,16,1421,0.6912777947271055,0.02558986290984364,,,,Feb,MILLWD
2,9100,29.34534615384604,1218.2080824626069,0.8106154268856508,17404143.097247053,491.5183098863845,11,0.08957946685154256,16.13820439022167,613,0.2879120879120879,1.7101639749507016,2323.1855136104473,-11.37,0.05654598764770296,0.7515040915374527,0.35348293592524105,0.12638282611598758,3,0,4514,37.21799999999996,0.7254640715232079,1.31093607723662,-0.22123546884186748,0.07515480101700858,-0.5537097092978471,0.32326159134325394,0.5471933295135536,0.11871166866798899,0.632107502780971,0.30802417486107136,0.06081187722021443,8,959,0.6885714285714285,9.999999999999999e-05,,,,Mar,MILLWD
3,8827,25.505808315396,418.1600667392852,0.8652928239051192,3350287.096828441,132.72596952816136,12,0.04849160909754998,11.359808370154456,710,0.29001925909142406,1.4806906062439178,358.46359039354286,-11.0,0.00396812513454606,0.6419977081616772,0.3647472447978014,0.08796655123672613,0,2,7873,41.11450000000001,0.5771673411893279,0.7395170857529796,-0.27012524244505687,0.10848734571899082,-0.5348925821835069,0.30126739106392564,0.3643902442835708,0.2016977780783416,0.7348521470783324,0.2364115248622484,0.06075776506630575,11,344,0.4057260894696059,0.00010000092310964732,,,,Apr,MILLWD
4,9157,27.891068035382713,281.19077564209,0.7526919991418084,404292.5204121161,152.24639925011462,13,0.1204493274396873,7.053587793587137,501,0.33984929562083654,4.041996418751591,3566.0173016199365,23.693,0.03333306691219721,0.7933578198837878,0.3443818853751547,0.0049880399709869285,3,6,7622,13.264500000000012,0.6968609137666628,1.9455190692314186,-0.41626259273425154,0.17988991388374262,-0.6273866595581296,0.40684323392006466,0.6427045898706047,0.2848469053354251,0.9004439699059544,0.5247987704932476,0.06326526607033617,9,403,0.3350053214667579,0.00010000025175355635,,,,May,MILLWD
5,8813,39.8575104958586,1904.8519919187852,0.6600505872099173,40275747.732461676,1323.0950960845364,6,0.26055634425241525,11.25422624413402,326,0.2601838193577669,8.05856115877695,6170.236613698942,-4.42,0.015268085762451271,0.9298815984983086,0.3242820798242224,0.05518092420199053,2,4,2219,56.039499999999975,0.9110850489293144,3.4428957306462653,-0.25207130623388396,0.07130514219108552,-0.5883952146659289,0.35777117771467043,0.8854814877047683,0.08234358662963127,0.6966404120584013,0.687233686393803,-0.023988987548696175,141,139,0.7120025783948055,0.0001380947910386252,,,,June,MILLWD
6,7306,45.48361620585841,5140.146946928556,0.6836943862296148,83127735.45884606,3842.3740152289265,8,0.3599119359078301,17.1391451725237,311,0.237476047084588,1.7462928796976833,6042.678538912925,-131.25,0.0005771292876041828,0.9412232378774643,0.3031087162916528,0.1972269054027456,2,3,1970,78.70550000000003,0.9391195816637675,3.644149056848289,-0.0612807132533255,0.03791811989772536,-0.49393740250951773,0.274139835597921,0.9002046709410594,0.039219388406874785,0.5606249934046694,0.7122602914834574,-0.007677028543288081,128,93,0.9241831998200374,9.997781881081323e-05,,,,July,MILLWD
0,9094,38.54031559269863,2785.632008048638,0.795974720010526,552628076.4014884,1174.6954996632433,8,0.05303014236349327,25.637869419912192,631,0.21739608533098748,10.891037224626562,4174.233996716185,-11.13,0.06497017488427306,0.7140190267668549,0.3139837458636633,5.214667273604601,1,4,8439,118.8044999999999,0.7337555372125287,1.2409162193185057,-0.11380501910260311,0.06361421671576091,-0.4745214807626826,0.22830103223802095,0.560707570902369,0.12663520970839606,0.5760385695833473,0.3422199952824016,0.014200682038674268,5,999,0.7828571428571428,0.020601503759398496,,,,Jan,N.Y.C.
1,8236,53.6329953861097,1394.6102965521825,0.7403558746968197,9880995.809169948,713.4836731923946,7,0.080774467564245,15.977532476561716,677,0.44208353569694026,18.610576226407122,2224.8988939991204,-11.39,0.011820502084804806,0.7853072232565133,0.3378984479073588,0.1339002616789626,0,4,3193,30.587999999999994,0.7540709699158812,1.721413541894387,-0.2561972205248182,0.07800334365198337,-0.5777795372308248,0.3410452829460592,0.6077227838200419,0.1333886774686587,0.6725373676600004,0.43386007668306814,0.06256574158506772,22,1538,0.6916860224509735,0.01956550532765964,,,,Feb,N.Y.C.
2,9100,29.296989010989055,1236.6895788460272,0.81778667534302,17418652.529223688,486.9278165817482,11,0.08748203170125823,16.361623677273087,610,0.2868131868131868,1.6140130462861086,2289.7769864467186,-27.127999999999986,0.053540612007735654,0.7427162555479518,0.3515920824867963,0.12695635934415783,3,0,4514,37.28149999999994,0.7086951440136969,1.2537861518688982,-0.2568784180350192,0.0846502041250727,-0.5808872549135988,0.35082654916787087,0.5273830758865521,0.1310985415670751,0.65974471662868,0.2961100751075379,0.05822183894788759,8,958,0.6649999999999999,0.0001,,,,Mar,N.Y.C.
3,8827,25.49213662626039,412.5853597715231,0.8678393998904264,3165667.6795075354,127.97964806827179,7,0.04676890442200236,11.371436546134632,705,0.29613685283788377,1.5153492193206817,375.8337198420661,-16.76,0.003128588298046624,0.6357479487162245,0.3646235726590148,0.08245517708858989,0,2,7873,40.384,0.5754226808083651,0.710830828560968,-0.26179272102171197,0.10514787141331236,-0.5301008478682113,0.295664992679812,0.35935085273853246,0.19789904552433962,0.7256699887103112,0.22814686045014432,0.06298341141772607,11,350,0.40566154275358424,9.997400163847926e-05,,,,Apr,N.Y.C.
4,9157,28.082088020094,328.3134960879149,0.761451621031217,664946.3791794387,175.02995605981656,13,0.1291243674681172,7.548063036649896,518,0.34094135633941247,3.4751334032285515,4013.038125085585,7.988999999999997,0.02984321907845205,0.7955979150127367,0.3405686425891118,0.006763971818099653,3,6,7602,15.328000000000003,0.7030628919972569,1.959876525992767,-0.4155419941158997,0.17652133390065097,-0.6320250478011595,0.4133242583306811,0.6443615270322663,0.27378163089406965,0.8920176641991261,0.5195002916664616,0.057847812638655204,9,402,0.358566352497825,9.999705370458285e-05,,,,May,N.Y.C.
5,8813,39.20283217973468,1191.1273425744719,0.6466853309691863,6403941.045082196,837.0410582504851,6,0.17735309392941614,10.77793288188696,285,0.29047997276750254,12.312728467869723,2928.8561141327496,-4.47,0.03266969289839835,0.8938242425044676,0.33700806744710576,0.06504437116218108,2,4,2219,39.45050000000006,0.854802710419817,3.002350885929783,-0.3282245724796961,0.11548418548473363,-0.6007049482042502,0.3699408611541195,0.8344428130048409,0.1607354109153715,0.774578628572911,0.6597924532748981,0.030521690373771122,8,422,0.5471641510037423,0.00014531579563498547,,,,June,N.Y.C.
6,7306,44.21232548590193,2108.305815000007,0.7141411211508463,20716121.53865687,1500.4906487291248,8,0.28434218961586555,14.733864142447043,258,0.3477963317820969,1.4728291012539805,5208.9867122151945,-40.23,2.0461546561071456e-05,0.8947723993861136,0.32436950406878073,0.18327485935028553,1,3,1970,59.793499999999995,0.8763889438942605,3.0809201948297136,-0.1659683410240453,0.09130104774052636,-0.500426380519542,0.2576876059254209,0.8636372783917974,0.14015151719426422,0.730491219322685,0.6563082482233806,-0.10699049820380506,48,102,0.6649531567035606,0.00020350349629940157,,,,July,N.Y.C.
0,9094,20.50126566967226,1819.3776119344766,0.8943678403572113,440196327.4017815,412.29650077621824,6,0.06563333799653746,23.004331004422237,754,0.42159665713657357,0.7612651654231686,4306.975088599873,8.802000000000021,0.00046012854353196176,0.6537706979602935,0.3566333325720106,3.1138557838479177,4,6,8419,111.75450000000001,0.6944066899403515,0.7641764060003176,-0.04821043304288202,0.06528234754179729,-0.4389579015377702,0.20425416432514104,0.4994229956898489,0.10871094205590025,0.5050711455517836,0.138533207682087,0.003675434467234609,5,50,0.9242857142857143,0.02254355400696864,,,,Jan,NORTH
1,8236,26.840713938805273,3258.457290748177,0.8116031728158185,392352452.7362317,1104.0001370582866,5,0.12700642999966721,24.326251132038763,562,0.40165128703254005,9.611829451636703,3799.9502039499666,-21.113000000000056,0.00026350438399233415,0.7860519245130242,0.3008639807378811,2.127941094881713,6,0,2660,77.11549999999994,0.7304547307249614,1.6420192100792654,-0.3261330351916141,0.10884179268306027,-0.6091044834692197,0.37966953378563073,0.5921566402689566,0.1371184321980453,0.770726640842339,0.2789129508536908,0.010740628604314224,9,954,0.5942857142857142,0.018008658008658005,,,,Feb,NORTH
2,9100,9.63411428571431,2829.3735131385733,0.8457649692855943,274664850.30960304,1113.5007399645294,22,0.08676576084830065,25.399534925306025,607,0.4754945054945055,1.6001312033509922,3962.1870097912547,-33.766000000000076,0.0005753664342983033,0.7378649597417293,0.3321882158402095,1.2339574059484621,0,3,2863,57.59299999999999,0.7227674862549882,1.1973833745214024,-0.17752397963363753,0.05231959844572918,-0.5300135143323602,0.2941409040691501,0.52794259578239,0.08048385646004458,0.6075867009862426,0.19783964277678018,0.07502326959796943,9,616,0.7357142857142857,0.0001,,,,Mar,NORTH
3,8827,6.73848419621613,1377.5684626394657,0.9381603737231007,388225448.80600613,267.1854654388499,6,0.04633261540936545,24.5481439766532,962,0.5067406819984139,1.9466453470510088,2962.1932249844976,-127.62199999999984,0.000870444390580887,0.5170801958633515,0.3133138215429754,3.5253633602172076,1,4,8433,91.49649999999997,0.3970215228433224,0.39922205839136093,-0.27451196161565156,0.3723710673929904,-0.4474073154016728,0.434340634050954,0.3134817087071928,0.3849326578630618,0.9835323635123888,0.04250091384221408,-0.13490000826969248,2,358,0.2642857142857143,0.012012987012987014,,,,Apr,NORTH
4,9157,8.24323140766628,2819.7368772395685,0.8505017066658622,146758785.5254386,961.3936903839298,11,0.11152235839277348,25.742531452237284,792,0.6237850824505843,0.7191809358547799,4325.277360776724,-29.977999999999838,0.011624110645075061,0.7209240871248654,0.3444784789861435,0.8125391239546645,0,6,4321,52.834999999999994,0.7317576691810262,1.131839696079926,-0.12386414423905158,0.05462106715988948,-0.5016898949649784,0.2608767634319318,0.5474120054430031,0.09615934816865344,0.5565019628275767,0.25257527015263137,0.03361241457117725,7,60,0.8064285714285714,9.999999999999999e-05,,,,May,NORTH
5,8813,20.061484171110923,2989.212203561435,0.862124863815026,252614342.9334252,898.9030243101732,4,0.1014886665132653,26.855573223245994,671,0.5912856008169749,1.6762155948405852,858.5103607268098,-178.01,0.025207809583086598,0.7039905785579856,0.3677316688405766,4.340605805053444,2,4,3554,99.41399999999997,0.6059551610631112,1.018104004122779,-0.38768384746674117,0.1666367928131552,-0.6461236262822239,0.46907737888603335,0.43281343019788426,0.20822065748160973,0.798153744529883,0.2743244731529297,0.12840293008881326,6,590,0.4528459347204335,9.999505009543482e-05,,,,June,NORTH
6,7306,24.286023816041652,1400.3835236233022,0.8705611653020021,24141061.447926797,455.0301460285067,8,0.09541159536308509,19.242100157924764,544,0.6307144812482891,0.5676134397859962,940.6189938143164,-117.82599999999991,0.0008600152853519418,0.663803564211381,0.35360850171069824,0.5499482080335851,0,2,1995,43.54649999999997,0.6008880095677784,0.8531048463498068,-0.33750118951676367,0.12492803726468131,-0.6249843958447474,0.41585638230964267,0.4002332320138526,0.2048661528767305,0.7486011628480647,0.2692227828455391,0.05003646114579805,5,86,0.43061143621858505,0.015802521543152433,,,,July,NORTH
0,9094,41.75846052342213,2636.9520548985442,0.7987474786255055,525520636.8543494,1025.6700794219098,6,0.04618895715077032,25.44487093325291,824,0.24301737409280844,10.506678883708286,4138.859700246954,-10.67,0.08895391296632456,0.700346840159402,0.31505078239165807,4.830697831596758,6,4,8439,117.82799999999997,0.7268924145226981,1.127857422602471,-0.10109339450956706,0.06259831010255687,-0.47354228705600676,0.2281733428640687,0.5460847712436145,0.12129093180822884,0.5686062249614668,0.29359843105378675,-0.01175838513827266,5,1917,0.83,0.02128205128205128,,,,Jan,NPX
1,8236,64.90104298203,3067.8911177927407,0.8291093365706695,152068539.77297974,1099.7791812969056,5,0.06885974089224434,27.602917093234257,871,0.42047110247693054,4.957545552986344,3674.7993598696307,-21.001000000000005,0.04192309520472294,0.6975530661979275,0.34011965375798614,1.2806492597655463,0,4,2804,64.28549999999998,0.7094074095136735,1.0402795710716852,-0.14562398221303172,0.06789372061717058,-0.5286664348429765,0.3045347862119559,0.5234002184157291,0.11312754539767439,0.5678927070556117,0.27411234206051865,0.10332969562598682,6,926,0.8079204828629863,0.027324079281220298,,,,Feb,NPX
2,9100,33.70975824175827,1425.500158688787,0.7954441474666682,20420197.700653814,601.3439792658497,10,0.08022419355752071,17.47862602841702,600,0.303956043956044,2.492479400098115,2376.071636210271,-53.74299999999998,0.0829513918540609,0.7515533628435258,0.3622060130240421,0.16709587031139508,3,0,398,43.97749999999999,0.7297482428970996,1.3129876531454923,-0.20696574124266895,0.06706208302728396,-0.5509903933507306,0.3099190106363177,0.548737510124113,0.1182297924276383,0.6167985777410137,0.32972617271165167,0.058260331848845444,9,970,0.7121428571428571,0.0001,,,,Mar,NPX
3,8827,25.530148408292828,2569.110178283178,0.9172568525688004,393701580.962548,397.0911462906787,12,0.014925846598085612,33.518145964553376,907,0.38031041123824627,0.40794033226355975,2037.245827417128,-82.86400000000003,0.001160504218719974,0.49059622749512366,0.36234861919495753,6.569473895800656,0,2,8472,90.87299999999999,0.5040278086084798,0.29554559023477206,-0.11829946567920066,0.1582597221664813,-0.38399459592316637,0.2738158384867552,0.3254609190374065,0.23150147143166425,0.6513526231040659,0.052590901922743634,0.03655630113377243,6,56,0.4764285714285714,0.0001,,,,Apr,NPX
4,9157,23.11361908922136,4532.596277914527,0.9426269285037182,663296706.6335942,513.4049911918182,10,0.01638697033707102,44.025359030951314,874,0.688871901277711,0.25543595761545246,327.08482761256033,-188.38799999999992,0.0007937327130745438,0.3836584484233637,0.3313487365056156,18.670573732524023,3,6,6747,97.679,0.22244808988699027,0.08817483472129277,-0.45004187780016314,0.2060661036274681,-0.6427582706632111,0.42951809268008256,0.0658610431363009,0.35480761488014734,0.9437408197238983,0.009779017892872485,0.006598084494519008,5,33,0.07571483894845053,0.00010005208428992054,,,,May,NPX
5,8813,37.37418699648241,950.8516213434483,0.682356285912339,5276357.32571634,596.974410345546,6,0.12844350286321032,10.713940183669083,518,0.28457959832066265,11.754374306236352,4943.78677104238,8.360000000000014,0.0271845265798624,0.8611216271928299,0.2939993995979575,0.03077636936188832,2,4,2786,24.640500000000003,0.8354976081635679,2.5231945426150646,-0.26593138806180805,0.07635833054063286,-0.5866489109575637,0.3533536514163805,0.7466373495935992,0.09952979503617278,0.6927861703828928,0.5224410352291179,0.05139744452224374,9,429,0.6650178807217256,9.999735115770683e-05,,,,June,NPX
6,7306,34.61342047632082,1218.7601152781638,0.8734397556689789,43665611.31073816,453.4125969634557,8,0.07424983134365885,19.03410862204913,564,0.3561456337257049,1.1462743313036747,203.06477237041577,-7.912000000000035,0.005288483465353359,0.6287493019475191,0.3617147261127641,2.3819758611077684,0,3,2356,75.94600000000001,0.5038427797479298,0.7772673306599623,-0.4009107183883901,0.1652167455718413,-0.6242016858061441,0.4032577599799296,0.33787195514708046,0.3167888010925332,0.8825705028363431,0.3174211604074574,0.058182788644757226,4,129,0.3145643480190249,0.02866241492732455,,,,July,NPX
0,9094,21.328759621728782,1425.6373292070055,0.8977846589036118,277278047.9287387,311.11570266192774,10,0.05833422311221141,20.577010324395765,717,0.3413239498570486,1.1873199355256947,4314.6151894156,-195.603,3.060035594499037e-05,0.6385937615138677,0.3388136544139301,2.10402321118091,0,6,8419,99.70549999999997,0.6887357383220847,0.7276557157633045,-0.045836845162664085,0.06373790550025865,-0.4378609096485318,0.20064478724708068,0.4928000348040812,0.10440335607497013,0.5042832093083043,0.1077790819145542,-0.0037263417018469722,5,37,0.9002848332916732,0.02138798003900415,,,,Jan,O H
1,8236,28.578754249635697,2441.5449494680424,0.8117562427063713,192130523.33097783,815.7723921645595,27,0.11927688786701005,21.32808681049045,483,0.3804031083050024,10.270344355147166,3989.9122644532267,-154.5239999999999,0.0004902013215442478,0.7810663889362867,0.31091291899276696,0.8435490950880694,6,1,2660,65.28800000000001,0.7368637990075978,1.5728753091991141,-0.2918734331108389,0.08800987679220831,-0.5978820915596934,0.3652692396761214,0.5811325940417897,0.11371487150607298,0.718103037195428,0.2728684372711622,0.029732219117139396,9,955,0.6414285714285713,0.018865546218487392,,,,Feb,O H
2,9100,15.0401494505495,806.1500067688828,0.8093547983540033,8600794.965168582,343.9559806963289,27,0.1053959548674178,12.525023272744656,580,0.3863736263736264,2.0145925558463826,2528.861516497772,-7.1839999999999975,0.015446133968128923,0.7650344935403668,0.3319991331990312,0.0530994410668556,1,3,1976,33.07249999999999,0.7371019711088165,1.434528227340785,-0.2597324423011693,0.08793766584821659,-0.5890390747437909,0.36303247681121353,0.573149094446362,0.1236563804472368,0.6523953812170296,0.3180053681677571,0.07507910010013084,8,488,0.6650165361041015,0.00013282376874497212,,,,Mar,O H
3,8827,10.233773649031399,935.2327349268973,0.9352318120080878,154398145.91857487,182.8691568132028,23,0.044849007539715484,20.184630031861193,906,0.46437068086552624,2.1457354377662323,2923.7846326715503,-168.0010000000002,0.00025444350641775227,0.5139047595415662,0.3193885888408432,1.4185098619926353,0,4,8433,72.34000000000006,0.3983149658372985,0.37847807866281863,-0.2759621308197015,0.34360919642967996,-0.4546233603257252,0.41326707312975186,0.2966342218713862,0.36876525736034227,0.9543084899246042,0.05173186921608715,-0.10351943254157782,2,362,0.24081186801370494,0.011557948122573294,,,,Apr,O H
4,9157,16.002847002293425,163.2850678255598,0.8031962846161551,295175.1278694184,76.77727423445687,14,0.07363301240551717,6.1304672812854015,776,0.5742055258272359,1.4329902178704534,2214.634283792056,11.201999999999998,0.031024336705393247,0.7303237557798263,0.35770479441767167,0.0033331240229531227,1,6,3624,16.8675,0.6866542455248963,1.316338726002161,-0.26545499380362425,0.09475672268893796,-0.5730968381891237,0.3462250861723809,0.5211141103520256,0.18034580834246608,0.7038552411784149,0.3993719979131036,0.07776603811760144,22,367,0.4999663697703843,0.00012593478550587637,,,,May,O H
5,8813,27.240560535572495,746.4593680734016,0.8277821349183291,43674139.34165059,319.674741486032,11,0.042455557806572855,14.271305431902762,564,0.37240440258708724,6.077976984536472,2.7071021247110423,-124.12599999999975,0.023407968652287236,0.6492806538790135,0.34953726260997053,1.9583471000758115,2,4,3554,85.67399999999998,0.4940931395426593,0.9487263123635498,-0.46054567870160296,0.2126545377585909,-0.6552589612542616,0.45522958228404153,0.38260492495057263,0.3762284206396725,0.9602837199070184,0.37963464646934114,0.0804670695299293,17,403,0.15323691536725784,8.402434774685122e-05,,,,June,O H
6,7306,23.936058034492206,6893.226786733032,0.9279913702929831,11197309759.928228,1077.3709167394702,7,0.03165918993183247,48.058768921907095,646,0.6073090610457158,0.07388718591747305,4446.269146322553,-117.68799999999965,8.20361290660783e-06,0.5633853847396662,0.3652319465199657,96.99967308445719,0,2,5835,202.06149999999997,0.6544494992554706,0.5372516651640573,-0.03037594681403962,0.22163512733658836,-0.514488744968483,0.586188855744166,0.6156357519846961,0.22361176485270723,0.5969859409390295,0.021336385578785123,0.20751257346557858,3,14,0.9714285714285713,0.02312925170068027,,,,July,O H
0,9094,30.023702441170045,1847.3121109785357,0.8745775968313055,430339945.2471586,505.9880105742912,6,0.05277384956457167,22.829359286900093,676,0.22498350560809324,5.092107777644001,4324.048493971812,15.219999999999999,0.020768160576163434,0.6539443384622141,0.32423407611918553,3.5756366855611708,1,4,8419,111.607,0.7021853512000985,0.8293621296180647,-0.05268466307530276,0.06586660164798974,-0.4411559855457563,0.202781427531631,0.5113387084960621,0.11153294442501162,0.5222866205414916,0.16607736713477672,-0.01869127411366187,5,743,0.9242857142857143,0.02254355400696864,,,,Jan,PJM
1,8236,41.67388902379781,1238.4203467380348,0.7624327929226951,11158981.73512905,556.8370023774771,7,0.08688468655808335,15.377036125362368,630,0.4261777561923264,16.794835842763025,2698.1736055575902,-39.77999999999997,0.0032848669955986625,0.7716430629568224,0.3226075651850583,0.1051664770016141,0,2,4816,28.79300000000002,0.7401698300514677,1.59291366683249,-0.26531474701663,0.07926637328744914,-0.5847273931657935,0.35068544616869174,0.5808475112135504,0.1251808702128927,0.6813392701151807,0.37261801186055593,0.05472809052325,8,957,0.6369459035535356,0.023170807312742063,,,,Feb,PJM
2,9100,20.661949450549322,867.0770830128301,0.8296086241067164,11044586.433150942,323.1603711449311,22,0.08848024823046963,13.797006932129685,726,0.31241758241758244,1.0677483836465935,2504.151165754268,-6.174000000000007,0.03194251691985262,0.7354087958565035,0.3451138354606085,0.07270228725235706,1,0,1976,33.91650000000001,0.7069939702988741,1.1913258150691766,-0.25070584508653365,0.07925581514251356,-0.5855806548097653,0.35226154395643694,0.5184450843142079,0.12313123669134109,0.6482121485855185,0.26238613653941983,0.04895319173480057,8,662,0.6885506867894706,0.00015186018356082724,,,,Mar,PJM
3,8827,18.50635323439448,356.555729184391,0.9114708227338326,7290970.0714022,78.00854817175252,6,0.03880258780464334,11.955177631543874,883,0.4091990483743061,1.3410027332397145,2248.231513327418,-84.23000000000002,0.0012106164825118827,0.5423972720790333,0.35171261034426893,0.07202436188353736,0,4,8416,32.584500000000006,0.46384454282212984,0.39511295536830954,-0.2523309904811718,0.2035350893643469,-0.4733745447798759,0.31661698566347884,0.2789184475429087,0.27041322877241436,0.7991041566977926,0.11665558857944594,0.026445894362601027,2,40,0.26402142858632976,0.011988973052624703,,,,Apr,PJM
4,9157,23.11223108004817,150.4387866680179,0.7111841554987636,82867.66029958535,89.57548269652841,7,0.13405143728418267,4.7636563025712935,644,0.46543627825707107,3.313704664790968,3595.078562826941,-1.0520000000000032,0.042879784633587076,0.8259758173935183,0.34169806915758305,0.0011097128543023677,1,6,7908,10.200000000000003,0.7574152684041077,2.2635148455100387,-0.37815167182461956,0.14543690831487285,-0.6227741431616939,0.4016765871593411,0.7055484097910745,0.2341771014728541,0.8359274380438207,0.5758284188955646,0.056782350528934926,16,396,0.40562797962101255,0.00013208276770064812,,,,May,PJM
5,8813,32.92525927606941,639.9074390028989,0.6720543368664439,2364522.430421941,421.3222175140777,4,0.11136758533289147,9.499576284784464,482,0.3331442187677295,12.732688085886883,1187.6040925710226,-16.53800000000001,0.06495867604022912,0.8380435685940772,0.33707284022314377,0.09147743430556195,2,4,3554,39.038,0.7730008442905596,2.4085296171459794,-0.3785158404611484,0.1459972332424961,-0.6206454844580483,0.3973834914660196,0.7353965886459943,0.23349189299444748,0.8367639969096632,0.6024185769599558,0.06474229446764328,22,427,0.4057260954032266,0.00010000092357365555,,,,June,PJM
6,7306,33.4266548042703,567.402025409719,0.839749046091872,8562862.37308315,236.487899863476,8,0.08184326159842895,11.887935875202322,533,0.38050917054475775,0.7936655834774259,1171.8801351778238,-28.403999999999883,0.006365134761382811,0.6877533577443781,0.3038343143867761,0.2732810085157184,0,3,1995,45.37350000000001,0.6377574627233987,1.123094705957023,-0.31280257950105383,0.1272656659775436,-0.6079742571102731,0.40214105365130287,0.47983988194573685,0.2244068339944175,0.8415765338753508,0.2633078026115846,-0.13077180524835938,4,100,0.5183294199776455,0.04219296991210488,,,,July,PJM
0,9094,22.462234440290292,1494.6408789527297,0.8969760090465251,307011880.6729593,332.1327546652463,6,0.059332082896925244,21.007862179378755,705,0.33956454805366176,1.417097088402871,4311.414321345018,-197.152,0.00017022859206108744,0.64082817325571,0.3376386076993664,2.335084180698094,0,6,8419,102.28500000000003,0.6898170944900912,0.7377883948245001,-0.048068430045454996,0.06333250810699223,-0.43882088331147184,0.20144116920987418,0.49356507386858334,0.10448507633575073,0.5069189220622494,0.11259571196050565,-0.0051177676355983765,5,92,0.9242857142857143,0.02254355400696864,,,,Jan,WEST
1,8236,30.849850655658088,2518.109217449773,0.8060758436007803,204470262.8157654,882.0816925419543,11,0.12582103577198578,21.22303358213686,478,0.3790675084992715,9.541897760943879,3981.2640222928144,-146.5340000000001,0.00074201124032751,0.7898204369522679,0.3025075951468382,0.90638170115734,6,1,2660,66.22750000000002,0.7421281461877217,1.6665556811328164,-0.30626080441788905,0.09662352577183025,-0.6019706632880149,0.3700060416083528,0.5991814823519088,0.12216816474190312,0.7418479397874825,0.2869321985755109,0.018549895589600515,9,954,0.6178571428571428,0.01872294372294372,,,,Feb,WEST
2,9100,15.601150549450645,834.1922085113941,0.8110710118832144,9782897.359173499,350.79238095368646,27,0.10908574219987585,12.663098271865222,581,0.37967032967032965,1.9327963068893166,2517.041408322868,-24.92,0.01623064816874269,0.7698470254366421,0.33514238261003715,0.059383835778424224,1,3,1976,33.917999999999985,0.7358195965991379,1.4538877753882535,-0.27230794077788006,0.09536938634207273,-0.594279360336692,0.3730842196377082,0.5769595805123142,0.12783532203426026,0.6669269730043353,0.311728864074664,0.07221913928240373,8,488,0.6649889669847083,9.999306323072288e-05,,,,Mar,WEST
3,8827,10.796110796420031,988.5071726502345,0.9347185160589939,169167458.57186237,195.07776908947702,17,0.044909002962895926,20.723627695750974,903,0.4648238359578566,2.236250719841565,2926.233970464244,-163.96499999999992,0.00020021963866797464,0.5150291301097514,0.31980055454114364,1.5537390526002495,0,4,8433,74.06399999999998,0.40013082560931346,0.3805083017138451,-0.2757245491217092,0.3408708674557766,-0.45502026099097287,0.4113441709829107,0.2967604990742894,0.36696260440950484,0.951422202058014,0.05405102759061015,-0.10069114243063768,2,417,0.2408115583430139,0.011557839722806797,,,,Apr,WEST
4,9157,18.63635142513916,314.5847953042613,0.8259398978690379,3734621.530050136,129.02894189530116,22,0.061722576902197915,9.024749373569518,739,0.5366386371082232,0.8958570398832562,3079.489638643859,-38.31099999999999,0.013100627476806804,0.6982037348365127,0.35065065169678133,0.03697261793398553,1,6,3643,32.756000000000014,0.6641029906003295,1.0866870257577623,-0.2292260473250544,0.08227177272829347,-0.5373117493838017,0.29310656613555,0.4715681253927929,0.16507715707415527,0.6787343089137893,0.3246736326515682,0.06591235517747272,38,159,0.5102198293441311,9.490665463468555e-05,,,,May,WEST
5,8813,32.05131850675141,1711.4272801632753,0.7173237915756345,51376794.47186289,1081.5124194279883,8,0.08559005491637017,16.267040990634573,530,0.2998978781345739,8.061462043262319,518.4445720006133,-93.92800000000011,0.050497807757168174,0.8156494709668314,0.33380920207930886,2.13370552852342,2,4,3554,87.14349999999999,0.7353569896983878,2.213076229885353,-0.4157306933979682,0.17385110644631668,-0.6403574220045225,0.42934363560133953,0.701900809871,0.27437840026376614,0.8820861303331528,0.5806052469541485,0.062457976402658884,8,417,0.3114249264156147,9.999765907559876e-05,,,,June,WEST
6,7306,34.5683684642759,1204.5238096019802,0.7410639102528217,4705917.547380218,725.5980785906801,8,0.10213271833952359,14.216837069628916,528,0.28237065425677527,2.3248176170992347,1458.542853468981,2.1719999999999686,9.776601187987812e-06,0.8030396615099027,0.3257738568580252,0.22006868005874403,0,2,1995,43.45950000000005,0.7469264407955477,2.0440409745921975,-0.3369438474293726,0.12112974691273856,-0.6014853021297311,0.3728990410975891,0.65695185555754,0.2087260286738762,0.7892606637691159,0.5345194844959392,0.05331908550130589,14,114,0.4068867160095704,0.015842870100335964,,,,July,WEST
